{
    "3.2.3": 0.8316831683168316,
    "3.3.3": 0.6558441558441559,
    "3.5.2": 1.0,
    "3.5.3": 1.0,
    "3.5.4": 1.0,
    "3.5.5": 1.0,
    "3.5.6": 1.0,
    "3.6.3": 1.0,
    "3.6.4": 1.0,
    "3.6.5": 1.0,
    "3.6.6": 1.0,
    "3.6.7": 1.0,
    "3.7.2": 0.5,
    "3.7.3": 0.6666666666666666,
    "3.7.4": 0.7288135593220338,
    "3.7.5": 0.7009345794392523,
    "3.7.6": 1.0,
    "3.7.7": 0.75,
    "3.7.8": 0.7288135593220338,
    "3.7.9": 0.75,
    "3.8.1": 0.8333333333333334,
    "3.8.3": 0.8125,
    "3.8.4": 0.6460176991150443,
    "3.8.5": 0.4435483870967742,
    "3.8.6": 0.33620689655172414,
    "3.8.7": 0.36,
    "3.8.8": 0.5056179775280899,
    "3.8.9": 0.8125
}